"АВТОВСКАЯ УЛ., д.21",367\226,360\206,-2\-9
"АВТОВСКАЯ УЛ., д.22",245\0,245\0,0\-
"АВТОВСКАЯ УЛ., д.25",164\122,141\107,-14\-12
"АВТОВСКАЯ УЛ., д.26/37",453\265,414\228,-9\-14
"АВТОВСКАЯ УЛ., д.28/30",119\182,84\145,-29\-20
"АВТОВСКАЯ УЛ., д.29",810\388,844\406,4\5
"АВТОВСКАЯ УЛ., д.30",96\83,111\88,16\6
"АВТОВСКАЯ УЛ., д.32",96\77,74\51,-23\-34
"АВТОВСКАЯ УЛ., д.34",120\72,84\53,-30\-26
"АВТОВСКАЯ УЛ., д.38",40\28,32\23,-20\-18
"АВТОВСКАЯ УЛ., д.40",100\113,59\95,-41\-16
"АВТОВСКАЯ УЛ., д.46",3\8,5\4,67\-50
"АВТОВСКАЯ УЛ., д.52","84,7\114",75\117,-11\3
"БАЛТИЙСКАЯ УЛ., д.2/14",425\190,430\180,1\-5
"БАЛТИЙСКАЯ УЛ., д.12",207\192,183\168,-12\-13
"БАЛТИЙСКАЯ УЛ., д.14",554\284,641\325,16\14
"БАЛТИЙСКАЯ УЛ., д.17",47\39,46\39,-2\0
"БАЛТИЙСКАЯ УЛ., д.17, корп.2",515\260,616\275,20\6
"БАЛТИЙСКАЯ УЛ., д.18",16\12,14\8,-13\-33
"БАЛТИЙСКАЯ УЛ., д.19А",16\12,19\13,19\8
"БАЛТИЙСКАЯ УЛ., д.19Б",9\6,10\7,11\17
"БАЛТИЙСКАЯ УЛ., д.20",14\10,14\10,0\0
"БАЛТИЙСКАЯ УЛ., д.21",10\5,19\9,90\80
"БАЛТИЙСКАЯ УЛ., д.21, корп.2",18\9,16\8,-11\-11
"БАЛТИЙСКАЯ УЛ., д.22",10\8,8\7,-20\-13
"БАЛТИЙСКАЯ УЛ., д.23",12\5,14\6,17\20
"БАЛТИЙСКАЯ УЛ., д.24",74\39,85\44,15\13
"БАЛТИЙСКАЯ УЛ., д.25",95\52,186\96,96\85
"БАЛТИЙСКАЯ УЛ., д.27",58\26,94\49,62\88
"БАЛТИЙСКАЯ УЛ., д.32А",59\38,36\29,-39\-24
"БАЛТИЙСКАЯ УЛ., д.32Д",22\15,13\11,-41\-27
"БАЛТИЙСКАЯ УЛ., д.34",3\0,2\0,-33\-
"БАЛТИЙСКАЯ УЛ., д.36/9",85\43,213\107,151\149
"БАЛТИЙСКАЯ УЛ., д.38",140\184,116\122,-17\-34
"БАРРИКАДНАЯ УЛ., д.3",101\90,87\79,-14\-12
"БАРРИКАДНАЯ УЛ., д.4",216\98,171\58,-21\-41
"БАРРИКАДНАЯ УЛ., д.5",154\217,111\197,-28\-9
"БАРРИКАДНАЯ УЛ., д.34",63\35,73\39,16\11
"БЕЛОУСОВА УЛ., д.3",29\18,33\21,14\17
"БЕЛОУСОВА УЛ., д.5",63\42,93\70,48\67
"БЕЛОУСОВА УЛ., д.6/42",189\130,356\201,88\55
"БЕЛОУСОВА УЛ., д.10",158\75,128\59,-19\-21
"БЕЛОУСОВА УЛ., д.14/41",3\3,3\2,0\-33
"БЕЛОУСОВА УЛ., д.16",78\35,99\49,27\40
"БЕЛОУСОВА УЛ., д.18",226\115,249\129,10\12
"БЕЛОУСОВА УЛ., д.18, корп.1",82\103,84\90,2\-13
"БЕЛОУСОВА УЛ., д.20",47\23,53\27,13\17
"БЕЛОУСОВА УЛ., д.22",17\8,19\9,12\13
"БЕЛОУСОВА УЛ., д.24/32",7\23,6\22,-14\-4
"ВАСИ АЛЕКСЕЕВА УЛ., д.7",24\12,12\19,-50\58
"ВАСИ АЛЕКСЕЕВА УЛ., д.9",16\11,15\12,-6\9
"ВАСИ АЛЕКСЕЕВА УЛ., д.10",317\0,317\0,0\-
"ВАСИ АЛЕКСЕЕВА УЛ., д.11",118\89,98\95,-17\7
"ВАСИ АЛЕКСЕЕВА УЛ., д.16",226\116,224\113,-1\-3
"ВАСИ АЛЕКСЕЕВА УЛ., д.17",104\94,116\86,12\-9
"ВАСИ АЛЕКСЕЕВА УЛ., д.20/24",187\106,243\63,30\-41
"ВАСИ АЛЕКСЕЕВА УЛ., д.21",114\56,141\72,24\29
"ВАСИ АЛЕКСЕЕВА УЛ., д.22",601\430,444\491,-26\14
"ВАСИ АЛЕКСЕЕВА УЛ., д.24",156\112,149\106,-4\-5
"ВАСИ АЛЕКСЕЕВА УЛ., д.25",100\86,91\80,-9\-7
"ВАСИ АЛЕКСЕЕВА УЛ., д.26",340\258,294\181,-14\-30
"ВАСИ АЛЕКСЕЕВА УЛ., д.28",131\105,151\110,15\5
"ВАСИ АЛЕКСЕЕВА УЛ., д.30",346\254,209\187,-40\-26
"ВОЗРОЖДЕНИЯ УЛ., д.7/25",232\146,265\143,14\-2
"ВОЗРОЖДЕНИЯ УЛ., д.9",25\12,35\19,40\58
"ВОЗРОЖДЕНИЯ УЛ., д.15",59\67,59\67,0\0
"ВОЗРОЖДЕНИЯ УЛ., д.19/38",574\352,553\323,-4\-8
"ВОЗРОЖДЕНИЯ УЛ., д.23",67\34,56\29,-16\-15
"ВОЗРОЖДЕНИЯ УЛ., д.25",72\37,98\50,36\35
"ВОЗРОЖДЕНИЯ УЛ., д.27",139\89,115\74,-17\-17
"ГЛАДКОВА УЛ., д.1",19\25,13\15,-32\-40
"ГЛАДКОВА УЛ., д.1А",59\31,70\35,19\13
"ГЛАДКОВА УЛ., д.7/10",59\30,73\39,24\30
"ГЛАДКОВА УЛ., д.11",5\5,25\12,400\140
"ГЛАДКОВА УЛ., д.13",22\9,53\14,141\56
"ГЛАДКОВА УЛ., д.17",321\104,289\112,-10\8
"ГЛАДКОВА УЛ., д.19",47\79,50\59,6\-25
"ГЛАДКОВА УЛ., д.21",25\12,24\12,-4\0
"ГЛАДКОВА УЛ., д.23",110\115,88\106,-20\-8
"ГЛАДКОВА УЛ., д.24/7",14\6,3\1,-79\-83
"ГЛАДКОВА УЛ., д.25",58\32,67\37,16\16
"ГЛАДКОВА УЛ., д.26",130\71,111\69,-15\-3
"ГЛАДКОВА УЛ., д.29",82\131,66\117,-20\-11
"ГЛАДКОВА УЛ., д.31/7",11\5,12\4,9\-20
"ГЛАДКОВА УЛ., д.33",269\132,248\98,-8\-26
"ГЛАДКОВА УЛ., д.35",114\55,153\57,34\4
"ГЛАДКОВА УЛ., д.39",37\19,14\8,-62\-58
"ГЛАДКОВА УЛ., д.41",13\5,14\6,8\20
"ГЛАДКОВА УЛ., д.43",61\31,76\39,25\26
"ГУБИНА УЛ., д.1/32",224\93,194\82,-13\-12
"ГУБИНА УЛ., д.3",108\48,110\44,2\-8
"ГУБИНА УЛ., д.4",45\3,39\5,-13\67
"ГУБИНА УЛ., д.5",125\89,89\73,-29\-18
"ГУБИНА УЛ., д.6",13\7,16\9,23\29
"ГУБИНА УЛ., д.8",85\42,81\34,-5\-19
"ГУБИНА УЛ., д.9, корп.1",120\64,72\33,-40\-48
"ГУБИНА УЛ., д.9, корп.2",30\59,30\16,0\-73
"ГУБИНА УЛ., д.12",162\85,76\38,-53\-55
"ГУБИНА УЛ., д.13, корп.1",41\0,41\0,0\-
"ГУБИНА УЛ., д.13, корп.2",98\29,53\13,-46\-55
"ГУБИНА УЛ., д.14",105\23,121\39,15\70
"ГУБИНА УЛ., д.15",46\22,42\21,-9\-5
"ГУБИНА УЛ., д.18",4\3,1\0,-75\-100
"ГУБИНА УЛ., д.19/16",64\37,63\39,-2\5
"ГУБИНА УЛ., д.20",64\38,90\48,41\26
"ГУБИНА УЛ., д.21",34\16,40\18,18\13
"ГУБИНА УЛ., д.22/21",226\151,182\20,-19\-87
"ГУБИНА УЛ., д.23/19",93\45,64\32,-31\-29
"ДВИНСКАЯ УЛ., д.4",348\280,317\272,-9\-3
"ДВИНСКАЯ УЛ., д.4, корп.1",235\200,236\231,0\16
"ДВИНСКАЯ УЛ., д.4, корп.2",298\273,247\273,-17\0
"ДВИНСКАЯ УЛ., д.4, корп.3",272\234,227\228,-17\-3
"ДВИНСКАЯ УЛ., д.4, корп.4",163\173,150\173,-8\0
"ДВИНСКАЯ УЛ., д.8",196\153,202\151,3\-1
"ДВИНСКАЯ УЛ., д.9",142\134,143\133,1\-1
"ДВИНСКАЯ УЛ., д.10",180\345,89\353,-51\2
"ДВИНСКАЯ УЛ., д.11",181\169,181\169,0\0
"ДВИНСКАЯ УЛ., д.14",247\201,247\201,0\0
"ДВИНСКАЯ УЛ., д.14, корп.4",1425\378,1425\400,0\6
"ДВИНСКАЯ УЛ., д.16, корп.1",3708\1428,3708\1427,0\0
"ДВИНСКАЯ УЛ., д.16, корп.3",2261\1036,2263\1036,0\0
"ДВИНСКАЯ УЛ., д.17",681\291,683\243,0\-16
"ЗАЙЦЕВА УЛ., д.3",689\581,521\575,-24\-1
"ЗАЙЦЕВА УЛ., д.17/23",1913\808,1574\733,-18\-9
"ЗАЙЦЕВА УЛ., д.18/16",154\96,124\72,-19\-25
"ЗАЙЦЕВА УЛ., д.19/18",165\226,138\163,-16\-28
"ЗАЙЦЕВА УЛ., д.20",353\261,274\259,-22\-1
"ЗАЙЦЕВА УЛ., д.21",27\15,38\21,41\40
"ЗАЙЦЕВА УЛ., д.22/13",1039\512,1131\533,9\4
"ЗАЙЦЕВА УЛ., д.25",61\57,58\55,-5\-4
"ЗАЙЦЕВА УЛ., д.26",249\0,249\0,0\-
"ЗАЙЦЕВА УЛ., д.29",11\21,3\11,-73\-48
"ЗАЙЦЕВА УЛ., д.31",162\139,129\131,-20\-6
"ЗАЙЦЕВА УЛ., д.32",157\163,163\149,4\-9
"ЗАЙЦЕВА УЛ., д.33",249\182,238\176,-4\-3
"ЗАЙЦЕВА УЛ., д.34",142\67,302\151,113\125
"ЗАЙЦЕВА УЛ., д.36",290\176,281\182,-3\3
"ЗАЙЦЕВА УЛ., д.37",183\97,191\92,4\-5
"ЗАЙЦЕВА УЛ., д.39",179\125,152\130,-15\4
"ЗИНЫ ПОРТНОВОЙ УЛ., д.4",172\0,172\0,0\-
"ЗИНЫ ПОРТНОВОЙ УЛ., д.6",147\225,116\185,-21\-18
"ЗИНЫ ПОРТНОВОЙ УЛ., д.8",179\242,158\191,-12\-21
"ЗИНЫ ПОРТНОВОЙ УЛ., д.10",144\159,103\134,-28\-16
"ЗИНЫ ПОРТНОВОЙ УЛ., д.12",105\167,83\140,-21\-16
"ЗИНЫ ПОРТНОВОЙ УЛ., д.14",160\200,123\143,-23\-29
"ЗИНЫ ПОРТНОВОЙ УЛ., д.16",529\266,475\198,-10\-26
"ЗИНЫ ПОРТНОВОЙ УЛ., д.18",193\239,154\209,-20\-13
"ЗИНЫ ПОРТНОВОЙ УЛ., д.20",21\58,6\22,-71\-62
"ЗИНЫ ПОРТНОВОЙ УЛ., д.22",46\54,25\34,-46\-37
"ЗИНЫ ПОРТНОВОЙ УЛ., д.24",79\133,53\114,-33\-14
"ЗИНЫ ПОРТНОВОЙ УЛ., д.26",87\174,68\148,-22\-15
"ЗИНЫ ПОРТНОВОЙ УЛ., д.28",332\170,304\154,-8\-9
"ЗИНЫ ПОРТНОВОЙ УЛ., д.30",195\239,155\178,-21\-26
"ЗОИ КОСМОДЕМЬЯНСКОЙ УЛ., д.3",148\140,144\114,-3\-19
"ЗОИ КОСМОДЕМЬЯНСКОЙ УЛ., д.5",812\238,741\373,-9\57
"ЗОИ КОСМОДЕМЬЯНСКОЙ УЛ., д.6, корп.1",398\168,386\179,-3\7
"ЗОИ КОСМОДЕМЬЯНСКОЙ УЛ., д.8/17",36\15,19\7,-47\-53
"ЗОИ КОСМОДЕМЬЯНСКОЙ УЛ., д.15",107\53,116\60,8\13
"ЗОИ КОСМОДЕМЬЯНСКОЙ УЛ., д.16/24",82\42,90\46,10\10
"ЗОИ КОСМОДЕМЬЯНСКОЙ УЛ., д.17/26",43\41,80\43,86\5
"ЗОИ КОСМОДЕМЬЯНСКОЙ УЛ., д.21",139\52,207\78,49\50
"ЗОИ КОСМОДЕМЬЯНСКОЙ УЛ., д.23",79\10,50\18,-37\80
"ЗОИ КОСМОДЕМЬЯНСКОЙ УЛ., д.25/20",58\37,71\38,22\3
"ЗОИ КОСМОДЕМЬЯНСКОЙ УЛ., д.27",97\82,121\101,25\23
"ЗОИ КОСМОДЕМЬЯНСКОЙ УЛ., д.29",2\21,8\23,300\10
"ИВАНА ЧЕРНЫХ УЛ., д.1",76\46,28\17,-63\-63
"ИВАНА ЧЕРНЫХ УЛ., д.3",201\126,175\133,-13\6
"ИВАНА ЧЕРНЫХ УЛ., д.3, корп.2",138\73,260\144,88\97
"ИВАНА ЧЕРНЫХ УЛ., д.13А",94\64,96\58,2\-9
"ИВАНА ЧЕРНЫХ УЛ., д.13Б",313\237,216\157,-31\-34
"ИВАНА ЧЕРНЫХ УЛ., д.15А",253\152,153\93,-40\-39
"ИВАНА ЧЕРНЫХ УЛ., д.15Б",33\36,38\36,15\0
"ИВАНА ЧЕРНЫХ УЛ., д.19",134\133,73\97,-46\-27
"ИВАНА ЧЕРНЫХ УЛ., д.21",144\73,97\49,-33\-33
"КАНОНЕРСКИЙ ОСТРОВ, д.7",7534\3728,7467\3664,-1\-2
"КАНОНЕРСКИЙ ОСТРОВ, д.8",4774\1415,4663\1346,-2\-5
"КАНОНЕРСКИЙ ОСТРОВ, д.9",2730\1062,2063\840,-24\-21
"КАНОНЕРСКИЙ ОСТРОВ, д.10",2930\1200,2684\1065,-8\-11
"КАНОНЕРСКИЙ ОСТРОВ, д.11, корп.1",1357\590,1203\507,-11\-14
"КАНОНЕРСКИЙ ОСТРОВ, д.12",1084\304,794\340,-27\12
"КАНОНЕРСКИЙ ОСТРОВ, д.12, корп.2",657\269,637\345,-3\28
"КАНОНЕРСКИЙ ОСТРОВ, д.13",363\318,263\276,-28\-13
"КАНОНЕРСКИЙ ОСТРОВ, д.14",275\288,267\252,-3\-13
"КАНОНЕРСКИЙ ОСТРОВ, д.16",78\59,167\63,114\7
"КАНОНЕРСКИЙ ОСТРОВ, д.25",248\93,218\127,-12\37
"КОРНЕЕВА УЛ., д.2",670\355,378\296,-44\-17
"КОРНЕЕВА УЛ., д.6",1692\336,1449\364,-14\8
"КОСИНОВА УЛ., д.5",50\26,37\20,-26\-23
"КОСИНОВА УЛ., д.7",70\65,42\56,-40\-14
"КОСИНОВА УЛ., д.9/9",56\47,44\29,-21\-38
"КОСИНОВА УЛ., д.14, корп.1",336\409,246\322,-27\-21
"КОСИНОВА УЛ., д.14, корп.2",139\101,106\80,-24\-21
"КРАСНОПУТИЛОВСКАЯ УЛ., д.16/13",886\354,852\388,-4\10
"КРАСНОПУТИЛОВСКАЯ УЛ., д.18",91\59,57\40,-37\-32
"КРАСНОПУТИЛОВСКАЯ УЛ., д.20",306\0,306\0,0\-
"КРАСНОПУТИЛОВСКАЯ УЛ., д.26",722\296,690\352,-4\19
"КРАСНОПУТИЛОВСКАЯ УЛ., д.28/20",395\183,320\160,-19\-13
"ЛЕНИНСКИЙ ПР., д.110, корп.1А",405\292,231\204,-43\-30
"ЛЕНИНСКИЙ ПР., д.110, корп.1Б",1407\1252,813\1185,-42\-5
"ЛЕНИНСКИЙ ПР., д.120, корп.2",104\110,70\78,-33\-29
"ЛЕНИНСКИЙ ПР., д.121",1763\752,1389\582,-21\-23
"ЛЕНИНСКИЙ ПР., д.121, корп.2",868,409,-53
"ЛЕНИНСКИЙ ПР., д.121, корп.3",4\42,48\29,1100\-31
"ЛЕНИНСКИЙ ПР., д.124",2513\787,2381\670,-5\-15
"ЛЕНИНСКИЙ ПР., д.130, корп.2",889\420,873\410,-2\-2
"МАЙКОВ ПЕР., д.3",35\43,50\42,43\-2
"МАЙКОВ ПЕР., д.5А",94\47,235\47,150\0
"МАЙКОВ ПЕР., д.7/1",136\69,112\47,-18\-32
"МАРШАЛА ГОВОРОВА УЛ., д.3/7",310\0,374\0,21\-
"МАРШАЛА ГОВОРОВА УЛ., д.5/4",335\238,301\222,-10\-7
"МАРШАЛА ГОВОРОВА УЛ., д.6/5",156\99,161\100,3\1
"МАРШАЛА ГОВОРОВА УЛ., д.7",83\56,143\93,72\66
"МАРШАЛА ГОВОРОВА УЛ., д.11/3",159\18,122\12,-23\-33
"МАРШАЛА ГОВОРОВА УЛ., д.15",36\69,30\56,-17\-19
"МАРШАЛА ГОВОРОВА УЛ., д.16",3203\1633,3121\1354,-3\-17
"МАРШАЛА ГОВОРОВА УЛ., д.17",37\27,61\39,65\44
"МАРШАЛА ГОВОРОВА УЛ., д.21",192\154,146\117,-24\-24
"МАРШАЛА ГОВОРОВА УЛ., д.22/10",638\353,557\329,-13\-7
"МАРШАЛА ГОВОРОВА УЛ., д.22, корп.2",120\93,85\73,-29\-22
"МАРШАЛА ГОВОРОВА УЛ., д.23",185\96,216\108,17\13
"МАРШАЛА ГОВОРОВА УЛ., д.24",287\960,358\312,25\-68
"МАРШАЛА ГОВОРОВА УЛ., д.26, корп.2",175\105,197\101,13\-4
"МАРШАЛА ЖУКОВА ПР., д.18А",872\391,805\351,-8\-10
"МАРШАЛА ЖУКОВА ПР., д.18Б",811\231,590\191,-27\-17
"МАРШАЛА ЖУКОВА ПР., д.18В",2853\1319,2418\1257,-15\-5
"МАРШАЛА ЖУКОВА ПР., д.18Г",1099\911,819\673,-25\-26
"МАРШАЛА ЖУКОВА ПР., д.18Д",920\425,587\410,-36\-4
"МАРШАЛА ЖУКОВА ПР., д.20",2714\1055,2683\1019,-1\-3
"МАРШАЛА ЖУКОВА ПР., д.26/16А",798\645,790\665,-1\3
"МАРШАЛА ЖУКОВА ПР., д.26/16Б",1565\821,1513\867,-3\6
"МАРШАЛА ЖУКОВА ПР., д.26/16В",2278\1331,1601\1079,-30\-19
"МАРШАЛА ЖУКОВА ПР., д.28, корп.1",1864\1145,1851\1089,-1\-5
"МАРШАЛА ЖУКОВА ПР., д.30, корп.2А",780\540,540\390,-31\-28
"МАРШАЛА ЖУКОВА ПР., д.30, корп.2Б",588\157,551\169,-6\8
"МАРШАЛА ЖУКОВА ПР., д.30, корп.2В",2602\1411,2098\1122,-19\-20
"МАРШАЛА ЖУКОВА ПР., д.30, корп.2Г",959\944,752\655,-22\-31
"МАРШАЛА ЖУКОВА ПР., д.30, корп.2Д",2314\850,2148\672,-7\-21
"МАРШАЛА ЖУКОВА ПР., д.30, корп.2Е",858\924,579\578,-33\-37
"МАРШАЛА ЖУКОВА ПР., д.30, корп.2Ж",1505\1102,1220\945,-19\-14
"МАРШАЛА ЖУКОВА ПР., д.32, корп.1",2446\1748,2207\1603,-10\-8
"МАРШАЛА ЖУКОВА ПР., д.34, корп.1А",1187\936,759\812,-36\-13
"МАРШАЛА ЖУКОВА ПР., д.34, корп.1Б",326\67,311\59,-5\-12
"МАРШАЛА ЖУКОВА ПР., д.34, корп.1В",1418\1546,1412\1476,0\-5
"МАРШАЛА ЖУКОВА ПР., д.34, корп.1Г",1007\776,727\564,-28\-27
"МАРШАЛА ЖУКОВА ПР., д.34, корп.1Д",630\131,601\112,-5\-15
"МАРШАЛА ЖУКОВА ПР., д.34, корп.1Е",954\198,911\170,-5\-14
"МАРШАЛА КАЗАКОВА УЛ., д.1, корп.2",701\1179,1610\1499,130\27
"МАРШАЛА КАЗАКОВА УЛ., д.3, корп.1",1381\689,1317\618,-5\-10
"МАРШАЛА КАЗАКОВА УЛ., д.5, корп.1А",509\466,528\428,4\-8
"МАРШАЛА КАЗАКОВА УЛ., д.5, корп.1Б",1498\1162,1169\1013,-22\-13
"МАРШАЛА КАЗАКОВА УЛ., д.10, корп.1А",1262\614,928\1079,-26\76
"МАРШАЛА КАЗАКОВА УЛ., д.10, корп.1Б",1024\608,840\583,-18\-4
"МАРШАЛА КАЗАКОВА УЛ., д.10, корп.1В",1352\710,809\677,-40\-5
"МАРШАЛА КАЗАКОВА УЛ., д.10, корп.1Д",1060\0,1060\0,0\-
"МАРШАЛА КАЗАКОВА УЛ., д.13",2250\677,1636\598,-27\-12
"МЕТРОСТРОЕВЦЕВ УЛ., д.2",168\467,104\0,-38\-100
"МЕТРОСТРОЕВЦЕВ УЛ., д.3",46\0,46\0,0\-
"МОРСКОЙ ПЕХОТЫ УЛ., д.4",1568\941,1932\680,23\-28
"МОРСКОЙ ПЕХОТЫ УЛ., д.6, корп.1",1980\354,1539\267,-22\-25
"МОРСКОЙ ПЕХОТЫ УЛ., д.10, корп.1",1763\971,1765\869,0\-11
"МОРСКОЙ ПЕХОТЫ УЛ., д.14",1161\536,1092\549,-6\2
"НАРОДНОГО ОПОЛЧЕНИЯ ПР., д.7",270\140,172\62,-36\-56
"НОВАТОРОВ БУЛЬВАР, д.1",49\87,32\55,-35\-37
"НОВАТОРОВ БУЛЬВАР, д.3",158\119,125\96,-21\-19
"НОВООВСЯННИКОВСКАЯ УЛ., д.9",17\9,16\7,-6\-22
"НОВООВСЯННИКОВСКАЯ УЛ., д.13",19\11,18\10,-5\-9
"НОВООВСЯННИКОВСКАЯ УЛ., д.17А",74\35,76\44,3\26
"НОВООВСЯННИКОВСКАЯ УЛ., д.19, корп.2",31\12,218\122,603\917
"НОВОСТРОЕК УЛ., д.8",15\12,8\7,-47\-42
"НОВОСТРОЕК УЛ., д.12",168\92,90\46,-46\-50
"НОВОСТРОЕК УЛ., д.20",256\194,248\190,-3\-2
"НОВОСТРОЕК УЛ., д.25",353\179,343\168,-3\-6
"НОВОСТРОЕК УЛ., д.27",29\23,25\16,-14\-30
"НОВОСТРОЕК УЛ., д.28",87\66,108\74,24\12
"НОВОСТРОЕК УЛ., д.29",244\121,259\131,6\8
"НОВОСТРОЕК УЛ., д.31",387\191,403\202,4\6
"НОВОСТРОЕК УЛ., д.33",187\138,177\132,-5\-4
"НОВОСТРОЕК УЛ., д.35",495\229,461\249,-7\9
"ОБОРОННАЯ УЛ., д.3",152\134,106\100,-30\-25
"ОБОРОННАЯ УЛ., д.4",524\334,507\316,-3\-5
"ОБОРОННАЯ УЛ., д.5",267\242,150\188,-44\-22
"ОБОРОННАЯ УЛ., д.6",23\2,1\2,-96\0
"ОБОРОННАЯ УЛ., д.7/20",22\19,21\18,-5\-5
"ОБОРОННАЯ УЛ., д.14",95\51,134\62,41\22
"ОБОРОННАЯ УЛ., д.17/13",48\29,18\16,-63\-45
"ОБОРОННАЯ УЛ., д.19",75\37,111\56,48\51
"ОБОРОННАЯ УЛ., д.20/18",47\26,79\41,68\58
"ОБОРОННАЯ УЛ., д.23/17",404\166,417\111,3\-33
"ОБОРОННАЯ УЛ., д.27",21\7,52\27,148\286
"ОГОРОДНЫЙ ПЕР., д.4, корп.3",166\177,127\111,-23\-37
"ОГОРОДНЫЙ ПЕР., д.6, корп.1",166\82,222\104,34\27
"ОГОРОДНЫЙ ПЕР., д.6, корп.2",198\242,38\197,-81\-19
"ОГОРОДНЫЙ ПЕР., д.11",115\143,187\58,63\-59
"ПРОМЫШЛЕННАЯ УЛ., д.10",35\16,52\25,49\56
"ПРОМЫШЛЕННАЯ УЛ., д.12",32\48,15\4,-53\-92
"ПРОМЫШЛЕННАЯ УЛ., д.14",59\0,59\0,0\-
"ПРОМЫШЛЕННАЯ УЛ., д.16",23\16,24\11,4\-31
"ПРОМЫШЛЕННАЯ УЛ., д.26",259\289,152\92,-41\-68
"ПРОМЫШЛЕННАЯ УЛ., д.28",40\50,122\31,205\-38
"ПРОМЫШЛЕННАЯ УЛ., д.30",33\21,28\17,-15\-19
"ПРОМЫШЛЕННАЯ УЛ., д.34",44\27,31\19,-30\-30
"ПРОМЫШЛЕННАЯ УЛ., д.36",65\37,64\34,-2\-8
"ПРОМЫШЛЕННАЯ УЛ., д.38",13\9,33\14,154\56
"СЕВАСТОПОЛЬСКАЯ УЛ., д.6",81\41,74\37,-9\-10
"СЕВАСТОПОЛЬСКАЯ УЛ., д.34",38\11,48\87,26\691
"СЕВАСТОПОЛЬСКАЯ УЛ., д.43",11\9,30\12,173\33
"СЕВАСТОПОЛЬСКАЯ УЛ., д.45",270\141,322\347,19\146
"СТАЧЕК ПР., д.1",371\61,327\45,-12\-26
"СТАЧЕК ПР., д.2/2",10\35,130\38,1200\9
"СТАЧЕК ПР., д.4/1",125\130,126\100,1\-23
"СТАЧЕК ПР., д.6",230\96,158\58,-31\-40
"СТАЧЕК ПР., д.8/2",159\82,98\54,-38\-34
"СТАЧЕК ПР., д.8А",112\0,232\11,107\-
"СТАЧЕК ПР., д.9",332\254,312\219,-6\-14
"СТАЧЕК ПР., д.10",22\133,109\135,395\2
"СТАЧЕК ПР., д.11",152\83,98\61,-36\-27
"СТАЧЕК ПР., д.13",181\156,171\123,-6\-21
"СТАЧЕК ПР., д.15",33\27,46\16,39\-41
"СТАЧЕК ПР., д.17",599\326,580\287,-3\-12
"СТАЧЕК ПР., д.19",1006\444,1083\525,8\18
"СТАЧЕК ПР., д.21",2264\730,2210\672,-2\-8
"СТАЧЕК ПР., д.22",58\109,49\84,-16\-23
"СТАЧЕК ПР., д.22А",933\347,821\362,-12\4
"СТАЧЕК ПР., д.23",746\338,853\448,14\33
"СТАЧЕК ПР., д.24",47\35,58\42,23\20
"СТАЧЕК ПР., д.27",185\0,185\0,0\-
"СТАЧЕК ПР., д.29",61\45,64\55,5\22
"СТАЧЕК ПР., д.33/2",153\28,154\36,1\29
"СТАЧЕК ПР., д.34, корп.1",93\63,80\57,-14\-10
"СТАЧЕК ПР., д.34, корп.2",22\13,19\10,-14\-23
"СТАЧЕК ПР., д.35",33\33,26\28,-21\-15
"СТАЧЕК ПР., д.38",27\16,17\21,-37\31
"СТАЧЕК ПР., д.41",309\176,296\230,-4\31
"СТАЧЕК ПР., д.42",13\40,36\23,177\-43
"СТАЧЕК ПР., д.95, корп.1",2620\1439,2127\1523,-19\6
"СТАЧЕК ПР., д.101, корп.1А",981\575,1073\619,9\8
"СТАЧЕК ПР., д.101, корп.1Б",625\892,411\418,-34\-53
"СТАЧЕК ПР., д.101, корп.1В",2064\900,1942\1140,-6\27
"СТАЧЕК ПР., д.101, корп.1Г",903\1258,592\100,-34\-92
"СТАЧЕК ПР., д.101, корп.1Д",1161\685,1108\647,-5\-6
"СТАЧЕК ПР., д.102",49\19,50\21,2\11
"СТАЧЕК ПР., д.103, корп.1",1399\1170,1421\1552,2\33
"СТАЧЕК ПР., д.105, корп.2А",939\542,737\466,-22\-14
"СТАЧЕК ПР., д.105, корп.2Б",1621\1310,1122\986,-31\-25
"СТАЧЕК ПР., д.105, корп.2В",2067\829,2022\769,-2\-7
"СТАЧЕК ПР., д.105, корп.2Г",595\301,672\756,13\151
"СТАЧЕК ПР., д.105, корп.2Д",2571\1782,2146\1519,-17\-15
"СТАЧЕК ПР., д.105, корп.2Е",1308\1002,916\745,-30\-26
"СТАЧЕК ПР., д.105, корп.2Ж",2855\1376,2475\1241,-13\-10
"СТАЧЕК ПР., д.105, корп.2З",1001\1002,889\901,-11\-10
"СТАЧЕК ПР., д.107, корп.1",1631\622,1514\584,-7\-6
"ТРАКТОРНАЯ УЛ., д.3",145\70,115\56,-21\-20
"ТРАКТОРНАЯ УЛ., д.4",88\54,87\54,-1\0
"ТРАКТОРНАЯ УЛ., д.4А",62\114,72\87,16\-24
"ТРАКТОРНАЯ УЛ., д.5",98\75,58\49,-41\-35
"ТРАКТОРНАЯ УЛ., д.6",12\27,9\18,-25\-33
"ТРАКТОРНАЯ УЛ., д.6, корп.2",45\46,32\21,-29\-54
"ТРАКТОРНАЯ УЛ., д.7",137\0,159\0,16\-
"ТРАКТОРНАЯ УЛ., д.8",99\54,44\26,-56\-52
"ТРАКТОРНАЯ УЛ., д.9",188\179,165\162,-12\-9
"ТРАКТОРНАЯ УЛ., д.10",68\64,12\9,-82\-86
"ТРАКТОРНАЯ УЛ., д.11",80\30,84\1,5\-97
"ТРАКТОРНАЯ УЛ., д.12",61\148,93\137,52\-7
"ТРАКТОРНАЯ УЛ., д.13",81\75,184\137,127\83
"ТРАКТОРНАЯ УЛ., д.15",565\263,431\171,-24\-35
"ТРАМВАЙНЫЙ ПР., д.5",78\163,47\107,-40\-34
"ТРАМВАЙНЫЙ ПР., д.7, корп.1",72\96,77\68,7\-29
"ТРАМВАЙНЫЙ ПР., д.7, корп.2",442\222,425\193,-4\-13
"ТРАМВАЙНЫЙ ПР., д.9, корп.1",120\216,109\150,-9\-31
"ТРАМВАЙНЫЙ ПР., д.9, корп.2",229\120,160\83,-30\-31
"ТРАМВАЙНЫЙ ПР., д.11, корп.1",21\12,9\6,-57\-50
"ТРАМВАЙНЫЙ ПР., д.11, корп.2",62\54,51\39,-18\-28
"ТРАМВАЙНЫЙ ПР., д.11, корп.3",151\46,159\53,5\15
"ТРАМВАЙНЫЙ ПР., д.11, корп.6",802\351,788\352,-2\0
"ТРАМВАЙНЫЙ ПР., д.13, корп.1",27\14,34\17,26\21
"ТРАМВАЙНЫЙ ПР., д.13, корп.2",41\53,25\36,-39\-32
"ТРАМВАЙНЫЙ ПР., д.13, корп.3",72\41,42\24,-42\-41
"ТРАМВАЙНЫЙ ПР., д.15, корп.1",136\155,84\121,-38\-22
"ТРАМВАЙНЫЙ ПР., д.15, корп.2",63\67,18\37,-71\-45
"ТРАМВАЙНЫЙ ПР., д.15, корп.3",42\76,21\41,-50\-46
"ТРАМВАЙНЫЙ ПР., д.17",121\95,88\66,-27\-31
"ТРЕФОЛЕВА УЛ., д.3",446\126,480\182,8\44
"ТРЕФОЛЕВА УЛ., д.5",128\138,81\113,-37\-18
"ТРЕФОЛЕВА УЛ., д.11",39\29,45\32,15\10
"ТРЕФОЛЕВА УЛ., д.15",669\439,769\637,15\45
"ТРЕФОЛЕВА УЛ., д.16",86\97,63\99,-27\2
"ТРЕФОЛЕВА УЛ., д.22/25",1847\164,1930\202,4\23
"ТРЕФОЛЕВА УЛ., д.26",97\54,106\58,9\7
"ТУРБИННАЯ УЛ., д.11",44\19,42\22,-5\16
"ТУРГЕНЕВСКИЙ ПЕР., д.3",19\9,18\8,-5\-11
"ТУРГЕНЕВСКИЙ ПЕР., д.5",33\46,19\26,-42\-43
"УРЮПИН ПЕР., д.5",246\227,167\121,-32\-47
"ШВЕЦОВА УЛ., д.6",82\41,48\25,-41\-39
"ШВЕЦОВА УЛ., д.10",567\665,501\614,-12\-8
"ШВЕЦОВА УЛ., д.11",642\258,507\215,-21\-17
"ШВЕЦОВА УЛ., д.17",584\327,408\196,-30\-40
"ШВЕЦОВА УЛ., д.19",924\401,954\434,3\8
"ШОТЛАНДСКАЯ УЛ., д.3",1617\550,1655\339,2\-38
